ISO3,Location,DataId,Indicator,Value,Precision,DHS_CountryCode,CountryName,SurveyYear,SurveyId,IndicatorId,IndicatorOrder,IndicatorType,CharacteristicId,CharacteristicOrder,CharacteristicCategory,CharacteristicLabel,ByVariableId,ByVariableLabel,IsTotal,IsPreferred,SDRID,RegionId,SurveyYearLabel,SurveyType,DenominatorWeighted,DenominatorUnweighted,CILow,CIHigh,LevelRank
ZAF,Western  Cape,3019314,BCG vaccination received,98.3,1,ZA,South Africa,1998,ZA1998DHS,CH_VACC_C_BCG,93906010,I,455001,1455001,Region,Western  Cape,0,,0,1,CHVACCCBCG,ZADHS1998455001,1998,DHS,80,62,,,1
ZAF,Eastern Cape,4270364,BCG vaccination received,95.6,1,ZA,South Africa,1998,ZA1998DHS,CH_VACC_C_BCG,93906010,I,455002,1455002,Region,Eastern Cape,0,,0,1,CHVACCCBCG,ZADHS1998455002,1998,DHS,127,234,,,1
ZAF,Northern Cape,6737400,BCG vaccination received,97.5,1,ZA,South Africa,1998,ZA1998DHS,CH_VACC_C_BCG,93906010,I,455003,1455003,Region,Northern Cape,0,,0,1,CHVACCCBCG,ZADHS1998455003,1998,DHS,20,83,,,1
ZAF,Free State,5603273,BCG vaccination received,95.1,1,ZA,South Africa,1998,ZA1998DHS,CH_VACC_C_BCG,93906010,I,455004,1455004,Region,Free State,0,,0,1,CHVACCCBCG,ZADHS1998455004,1998,DHS,51,62,,,1
ZAF,KwaZulu Natal,2779985,BCG vaccination received,97,1,ZA,South Africa,1998,ZA1998DHS,CH_VACC_C_BCG,93906010,I,455005,1455005,Region,KwaZulu Natal,0,,0,1,CHVACCCBCG,ZADHS1998455005,1998,DHS,208,150,,,1
ZAF,North West,1370777,BCG vaccination received,95.7,1,ZA,South Africa,1998,ZA1998DHS,CH_VACC_C_BCG,93906010,I,455006,1455006,Region,North West,0,,0,1,CHVACCCBCG,ZADHS1998455006,1998,DHS,67,69,,,1
ZAF,Gauteng,5710155,BCG vaccination received,97.6,1,ZA,South Africa,1998,ZA1998DHS,CH_VACC_C_BCG,93906010,I,455007,1455007,Region,Gauteng,0,,0,1,CHVACCCBCG,ZADHS1998455007,1998,DHS,199,83,,,1
ZAF,Mpumalanga,5890394,BCG vaccination received,96.4,1,ZA,South Africa,1998,ZA1998DHS,CH_VACC_C_BCG,93906010,I,455008,1455008,Region,Mpumalanga,0,,0,1,CHVACCCBCG,ZADHS1998455008,1998,DHS,72,100,,,1
ZAF,Northern Province,4088179,BCG vaccination received,96.9,1,ZA,South Africa,1998,ZA1998DHS,CH_VACC_C_BCG,93906010,I,455009,1455009,Region,Northern Province,0,,0,1,CHVACCCBCG,ZADHS1998455009,1998,DHS,149,128,,,1
ZAF,Western  Cape,3019312,DPT 1 vaccination received,95.3,1,ZA,South Africa,1998,ZA1998DHS,CH_VACC_C_DP1,93906020,I,455001,1455001,Region,Western  Cape,0,,0,1,CHVACCCDP1,ZADHS1998455001,1998,DHS,80,62,,,1
ZAF,Eastern Cape,4270365,DPT 1 vaccination received,90.8,1,ZA,South Africa,1998,ZA1998DHS,CH_VACC_C_DP1,93906020,I,455002,1455002,Region,Eastern Cape,0,,0,1,CHVACCCDP1,ZADHS1998455002,1998,DHS,127,234,,,1
ZAF,Northern Cape,6737398,DPT 1 vaccination received,93.9,1,ZA,South Africa,1998,ZA1998DHS,CH_VACC_C_DP1,93906020,I,455003,1455003,Region,Northern Cape,0,,0,1,CHVACCCDP1,ZADHS1998455003,1998,DHS,20,83,,,1
ZAF,Free State,5603270,DPT 1 vaccination received,96.9,1,ZA,South Africa,1998,ZA1998DHS,CH_VACC_C_DP1,93906020,I,455004,1455004,Region,Free State,0,,0,1,CHVACCCDP1,ZADHS1998455004,1998,DHS,51,62,,,1
ZAF,KwaZulu Natal,2779983,DPT 1 vaccination received,90.6,1,ZA,South Africa,1998,ZA1998DHS,CH_VACC_C_DP1,93906020,I,455005,1455005,Region,KwaZulu Natal,0,,0,1,CHVACCCDP1,ZADHS1998455005,1998,DHS,208,150,,,1
ZAF,North West,1370780,DPT 1 vaccination received,89.8,1,ZA,South Africa,1998,ZA1998DHS,CH_VACC_C_DP1,93906020,I,455006,1455006,Region,North West,0,,0,1,CHVACCCDP1,ZADHS1998455006,1998,DHS,67,69,,,1
ZAF,Gauteng,5710150,DPT 1 vaccination received,96.4,1,ZA,South Africa,1998,ZA1998DHS,CH_VACC_C_DP1,93906020,I,455007,1455007,Region,Gauteng,0,,0,1,CHVACCCDP1,ZADHS1998455007,1998,DHS,199,83,,,1
ZAF,Mpumalanga,5890397,DPT 1 vaccination received,92.7,1,ZA,South Africa,1998,ZA1998DHS,CH_VACC_C_DP1,93906020,I,455008,1455008,Region,Mpumalanga,0,,0,1,CHVACCCDP1,ZADHS1998455008,1998,DHS,72,100,,,1
ZAF,Northern Province,4088175,DPT 1 vaccination received,94.5,1,ZA,South Africa,1998,ZA1998DHS,CH_VACC_C_DP1,93906020,I,455009,1455009,Region,Northern Province,0,,0,1,CHVACCCDP1,ZADHS1998455009,1998,DHS,149,128,,,1
ZAF,Western  Cape,3019315,DPT 2 vaccination received,85.8,1,ZA,South Africa,1998,ZA1998DHS,CH_VACC_C_DP2,93906030,I,455001,1455001,Region,Western  Cape,0,,0,1,CHVACCCDP2,ZADHS1998455001,1998,DHS,80,62,,,1
ZAF,Eastern Cape,4270369,DPT 2 vaccination received,81.1,1,ZA,South Africa,1998,ZA1998DHS,CH_VACC_C_DP2,93906030,I,455002,1455002,Region,Eastern Cape,0,,0,1,CHVACCCDP2,ZADHS1998455002,1998,DHS,127,234,,,1
ZAF,Northern Cape,6737401,DPT 2 vaccination received,90.2,1,ZA,South Africa,1998,ZA1998DHS,CH_VACC_C_DP2,93906030,I,455003,1455003,Region,Northern Cape,0,,0,1,CHVACCCDP2,ZADHS1998455003,1998,DHS,20,83,,,1
ZAF,Free State,5603274,DPT 2 vaccination received,93.8,1,ZA,South Africa,1998,ZA1998DHS,CH_VACC_C_DP2,93906030,I,455004,1455004,Region,Free State,0,,0,1,CHVACCCDP2,ZADHS1998455004,1998,DHS,51,62,,,1
ZAF,KwaZulu Natal,2779986,DPT 2 vaccination received,80.9,1,ZA,South Africa,1998,ZA1998DHS,CH_VACC_C_DP2,93906030,I,455005,1455005,Region,KwaZulu Natal,0,,0,1,CHVACCCDP2,ZADHS1998455005,1998,DHS,208,150,,,1
ZAF,North West,1370778,DPT 2 vaccination received,82.2,1,ZA,South Africa,1998,ZA1998DHS,CH_VACC_C_DP2,93906030,I,455006,1455006,Region,North West,0,,0,1,CHVACCCDP2,ZADHS1998455006,1998,DHS,67,69,,,1
ZAF,Gauteng,5710156,DPT 2 vaccination received,91.6,1,ZA,South Africa,1998,ZA1998DHS,CH_VACC_C_DP2,93906030,I,455007,1455007,Region,Gauteng,0,,0,1,CHVACCCDP2,ZADHS1998455007,1998,DHS,199,83,,,1
ZAF,Mpumalanga,5890395,DPT 2 vaccination received,88.5,1,ZA,South Africa,1998,ZA1998DHS,CH_VACC_C_DP2,93906030,I,455008,1455008,Region,Mpumalanga,0,,0,1,CHVACCCDP2,ZADHS1998455008,1998,DHS,72,100,,,1
ZAF,Northern Province,4088180,DPT 2 vaccination received,88.3,1,ZA,South Africa,1998,ZA1998DHS,CH_VACC_C_DP2,93906030,I,455009,1455009,Region,Northern Province,0,,0,1,CHVACCCDP2,ZADHS1998455009,1998,DHS,149,128,,,1
ZAF,Western  Cape,3019313,DPT 3 vaccination received,74.2,1,ZA,South Africa,1998,ZA1998DHS,CH_VACC_C_DP3,93906040,I,455001,1455001,Region,Western  Cape,0,,0,1,CHVACCCDP3,ZADHS1998455001,1998,DHS,80,62,,,1
ZAF,Eastern Cape,4270366,DPT 3 vaccination received,68.1,1,ZA,South Africa,1998,ZA1998DHS,CH_VACC_C_DP3,93906040,I,455002,1455002,Region,Eastern Cape,0,,0,1,CHVACCCDP3,ZADHS1998455002,1998,DHS,127,234,,,1
ZAF,Northern Cape,6737399,DPT 3 vaccination received,89,1,ZA,South Africa,1998,ZA1998DHS,CH_VACC_C_DP3,93906040,I,455003,1455003,Region,Northern Cape,0,,0,1,CHVACCCDP3,ZADHS1998455003,1998,DHS,20,83,,,1
ZAF,Free State,5603271,DPT 3 vaccination received,82.1,1,ZA,South Africa,1998,ZA1998DHS,CH_VACC_C_DP3,93906040,I,455004,1455004,Region,Free State,0,,0,1,CHVACCCDP3,ZADHS1998455004,1998,DHS,51,62,,,1
ZAF,KwaZulu Natal,2779984,DPT 3 vaccination received,62.3,1,ZA,South Africa,1998,ZA1998DHS,CH_VACC_C_DP3,93906040,I,455005,1455005,Region,KwaZulu Natal,0,,0,1,CHVACCCDP3,ZADHS1998455005,1998,DHS,208,150,,,1
ZAF,North West,1370781,DPT 3 vaccination received,82.2,1,ZA,South Africa,1998,ZA1998DHS,CH_VACC_C_DP3,93906040,I,455006,1455006,Region,North West,0,,0,1,CHVACCCDP3,ZADHS1998455006,1998,DHS,67,69,,,1
ZAF,Gauteng,5710151,DPT 3 vaccination received,85.6,1,ZA,South Africa,1998,ZA1998DHS,CH_VACC_C_DP3,93906040,I,455007,1455007,Region,Gauteng,0,,0,1,CHVACCCDP3,ZADHS1998455007,1998,DHS,199,83,,,1
ZAF,Mpumalanga,5890398,DPT 3 vaccination received,77.7,1,ZA,South Africa,1998,ZA1998DHS,CH_VACC_C_DP3,93906040,I,455008,1455008,Region,Mpumalanga,0,,0,1,CHVACCCDP3,ZADHS1998455008,1998,DHS,72,100,,,1
ZAF,Northern Province,4088176,DPT 3 vaccination received,85.1,1,ZA,South Africa,1998,ZA1998DHS,CH_VACC_C_DP3,93906040,I,455009,1455009,Region,Northern Province,0,,0,1,CHVACCCDP3,ZADHS1998455009,1998,DHS,149,128,,,1
ZAF,Western  Cape,3019316,Polio 0 vaccination received,95.7,1,ZA,South Africa,1998,ZA1998DHS,CH_VACC_C_OP0,93906050,I,455001,1455001,Region,Western  Cape,0,,0,1,CHVACCCOP0,ZADHS1998455001,1998,DHS,80,62,,,1
ZAF,Eastern Cape,4270372,Polio 0 vaccination received,89.3,1,ZA,South Africa,1998,ZA1998DHS,CH_VACC_C_OP0,93906050,I,455002,1455002,Region,Eastern Cape,0,,0,1,CHVACCCOP0,ZADHS1998455002,1998,DHS,127,234,,,1
ZAF,Northern Cape,6737405,Polio 0 vaccination received,97.5,1,ZA,South Africa,1998,ZA1998DHS,CH_VACC_C_OP0,93906050,I,455003,1455003,Region,Northern Cape,0,,0,1,CHVACCCOP0,ZADHS1998455003,1998,DHS,20,83,,,1
ZAF,Free State,5603278,Polio 0 vaccination received,95.2,1,ZA,South Africa,1998,ZA1998DHS,CH_VACC_C_OP0,93906050,I,455004,1455004,Region,Free State,0,,0,1,CHVACCCOP0,ZADHS1998455004,1998,DHS,51,62,,,1
ZAF,KwaZulu Natal,2779987,Polio 0 vaccination received,87.3,1,ZA,South Africa,1998,ZA1998DHS,CH_VACC_C_OP0,93906050,I,455005,1455005,Region,KwaZulu Natal,0,,0,1,CHVACCCOP0,ZADHS1998455005,1998,DHS,208,150,,,1
ZAF,North West,1370788,Polio 0 vaccination received,83.8,1,ZA,South Africa,1998,ZA1998DHS,CH_VACC_C_OP0,93906050,I,455006,1455006,Region,North West,0,,0,1,CHVACCCOP0,ZADHS1998455006,1998,DHS,67,69,,,1
ZAF,Gauteng,5710158,Polio 0 vaccination received,95.2,1,ZA,South Africa,1998,ZA1998DHS,CH_VACC_C_OP0,93906050,I,455007,1455007,Region,Gauteng,0,,0,1,CHVACCCOP0,ZADHS1998455007,1998,DHS,199,83,,,1
ZAF,Mpumalanga,5890401,Polio 0 vaccination received,91.8,1,ZA,South Africa,1998,ZA1998DHS,CH_VACC_C_OP0,93906050,I,455008,1455008,Region,Mpumalanga,0,,0,1,CHVACCCOP0,ZADHS1998455008,1998,DHS,72,100,,,1
ZAF,Northern Province,4088220,Polio 0 vaccination received,91.4,1,ZA,South Africa,1998,ZA1998DHS,CH_VACC_C_OP0,93906050,I,455009,1455009,Region,Northern Province,0,,0,1,CHVACCCOP0,ZADHS1998455009,1998,DHS,149,128,,,1
ZAF,Western  Cape,3019317,Polio 1 vaccination received,91.7,1,ZA,South Africa,1998,ZA1998DHS,CH_VACC_C_OP1,93906060,I,455001,1455001,Region,Western  Cape,0,,0,1,CHVACCCOP1,ZADHS1998455001,1998,DHS,80,62,,,1
ZAF,Eastern Cape,4270373,Polio 1 vaccination received,86.9,1,ZA,South Africa,1998,ZA1998DHS,CH_VACC_C_OP1,93906060,I,455002,1455002,Region,Eastern Cape,0,,0,1,CHVACCCOP1,ZADHS1998455002,1998,DHS,127,234,,,1
ZAF,Northern Cape,6737406,Polio 1 vaccination received,92.7,1,ZA,South Africa,1998,ZA1998DHS,CH_VACC_C_OP1,93906060,I,455003,1455003,Region,Northern Cape,0,,0,1,CHVACCCOP1,ZADHS1998455003,1998,DHS,20,83,,,1
ZAF,Free State,5603279,Polio 1 vaccination received,96.9,1,ZA,South Africa,1998,ZA1998DHS,CH_VACC_C_OP1,93906060,I,455004,1455004,Region,Free State,0,,0,1,CHVACCCOP1,ZADHS1998455004,1998,DHS,51,62,,,1
ZAF,KwaZulu Natal,2779988,Polio 1 vaccination received,87.7,1,ZA,South Africa,1998,ZA1998DHS,CH_VACC_C_OP1,93906060,I,455005,1455005,Region,KwaZulu Natal,0,,0,1,CHVACCCOP1,ZADHS1998455005,1998,DHS,208,150,,,1
ZAF,North West,1370789,Polio 1 vaccination received,91.2,1,ZA,South Africa,1998,ZA1998DHS,CH_VACC_C_OP1,93906060,I,455006,1455006,Region,North West,0,,0,1,CHVACCCOP1,ZADHS1998455006,1998,DHS,67,69,,,1
ZAF,Gauteng,5710159,Polio 1 vaccination received,92.8,1,ZA,South Africa,1998,ZA1998DHS,CH_VACC_C_OP1,93906060,I,455007,1455007,Region,Gauteng,0,,0,1,CHVACCCOP1,ZADHS1998455007,1998,DHS,199,83,,,1
ZAF,Mpumalanga,5890458,Polio 1 vaccination received,90.3,1,ZA,South Africa,1998,ZA1998DHS,CH_VACC_C_OP1,93906060,I,455008,1455008,Region,Mpumalanga,0,,0,1,CHVACCCOP1,ZADHS1998455008,1998,DHS,72,100,,,1
ZAF,Northern Province,4088221,Polio 1 vaccination received,94.5,1,ZA,South Africa,1998,ZA1998DHS,CH_VACC_C_OP1,93906060,I,455009,1455009,Region,Northern Province,0,,0,1,CHVACCCOP1,ZADHS1998455009,1998,DHS,149,128,,,1
ZAF,Western  Cape,3019331,Polio 2 vaccination received,77.3,1,ZA,South Africa,1998,ZA1998DHS,CH_VACC_C_OP2,93906070,I,455001,1455001,Region,Western  Cape,0,,0,1,CHVACCCOP2,ZADHS1998455001,1998,DHS,80,62,,,1
ZAF,Eastern Cape,4270374,Polio 2 vaccination received,76.5,1,ZA,South Africa,1998,ZA1998DHS,CH_VACC_C_OP2,93906070,I,455002,1455002,Region,Eastern Cape,0,,0,1,CHVACCCOP2,ZADHS1998455002,1998,DHS,127,234,,,1
ZAF,Northern Cape,6737407,Polio 2 vaccination received,89,1,ZA,South Africa,1998,ZA1998DHS,CH_VACC_C_OP2,93906070,I,455003,1455003,Region,Northern Cape,0,,0,1,CHVACCCOP2,ZADHS1998455003,1998,DHS,20,83,,,1
ZAF,Free State,5603280,Polio 2 vaccination received,85.6,1,ZA,South Africa,1998,ZA1998DHS,CH_VACC_C_OP2,93906070,I,455004,1455004,Region,Free State,0,,0,1,CHVACCCOP2,ZADHS1998455004,1998,DHS,51,62,,,1
ZAF,KwaZulu Natal,2779995,Polio 2 vaccination received,77.5,1,ZA,South Africa,1998,ZA1998DHS,CH_VACC_C_OP2,93906070,I,455005,1455005,Region,KwaZulu Natal,0,,0,1,CHVACCCOP2,ZADHS1998455005,1998,DHS,208,150,,,1
ZAF,North West,1370790,Polio 2 vaccination received,80.7,1,ZA,South Africa,1998,ZA1998DHS,CH_VACC_C_OP2,93906070,I,455006,1455006,Region,North West,0,,0,1,CHVACCCOP2,ZADHS1998455006,1998,DHS,67,69,,,1
ZAF,Gauteng,5710160,Polio 2 vaccination received,88,1,ZA,South Africa,1998,ZA1998DHS,CH_VACC_C_OP2,93906070,I,455007,1455007,Region,Gauteng,0,,0,1,CHVACCCOP2,ZADHS1998455007,1998,DHS,199,83,,,1
ZAF,Mpumalanga,5890459,Polio 2 vaccination received,86.7,1,ZA,South Africa,1998,ZA1998DHS,CH_VACC_C_OP2,93906070,I,455008,1455008,Region,Mpumalanga,0,,0,1,CHVACCCOP2,ZADHS1998455008,1998,DHS,72,100,,,1
ZAF,Northern Province,4088222,Polio 2 vaccination received,88.3,1,ZA,South Africa,1998,ZA1998DHS,CH_VACC_C_OP2,93906070,I,455009,1455009,Region,Northern Province,0,,0,1,CHVACCCOP2,ZADHS1998455009,1998,DHS,149,128,,,1
ZAF,Western  Cape,3019290,Polio 3 vaccination received,72.5,1,ZA,South Africa,1998,ZA1998DHS,CH_VACC_C_OP3,93906080,I,455001,1455001,Region,Western  Cape,0,,0,1,CHVACCCOP3,ZADHS1998455001,1998,DHS,80,62,,,1
ZAF,Eastern Cape,4270375,Polio 3 vaccination received,61.3,1,ZA,South Africa,1998,ZA1998DHS,CH_VACC_C_OP3,93906080,I,455002,1455002,Region,Eastern Cape,0,,0,1,CHVACCCOP3,ZADHS1998455002,1998,DHS,127,234,,,1
ZAF,Northern Cape,6737445,Polio 3 vaccination received,85.5,1,ZA,South Africa,1998,ZA1998DHS,CH_VACC_C_OP3,93906080,I,455003,1455003,Region,Northern Cape,0,,0,1,CHVACCCOP3,ZADHS1998455003,1998,DHS,20,83,,,1
ZAF,Free State,5603281,Polio 3 vaccination received,72.6,1,ZA,South Africa,1998,ZA1998DHS,CH_VACC_C_OP3,93906080,I,455004,1455004,Region,Free State,0,,0,1,CHVACCCOP3,ZADHS1998455004,1998,DHS,51,62,,,1
ZAF,KwaZulu Natal,2779996,Polio 3 vaccination received,59.6,1,ZA,South Africa,1998,ZA1998DHS,CH_VACC_C_OP3,93906080,I,455005,1455005,Region,KwaZulu Natal,0,,0,1,CHVACCCOP3,ZADHS1998455005,1998,DHS,208,150,,,1
ZAF,North West,1370791,Polio 3 vaccination received,70.8,1,ZA,South Africa,1998,ZA1998DHS,CH_VACC_C_OP3,93906080,I,455006,1455006,Region,North West,0,,0,1,CHVACCCOP3,ZADHS1998455006,1998,DHS,67,69,,,1
ZAF,Gauteng,5710161,Polio 3 vaccination received,80.8,1,ZA,South Africa,1998,ZA1998DHS,CH_VACC_C_OP3,93906080,I,455007,1455007,Region,Gauteng,0,,0,1,CHVACCCOP3,ZADHS1998455007,1998,DHS,199,83,,,1
ZAF,Mpumalanga,5890460,Polio 3 vaccination received,75.9,1,ZA,South Africa,1998,ZA1998DHS,CH_VACC_C_OP3,93906080,I,455008,1455008,Region,Mpumalanga,0,,0,1,CHVACCCOP3,ZADHS1998455008,1998,DHS,72,100,,,1
ZAF,Northern Province,4088223,Polio 3 vaccination received,83.6,1,ZA,South Africa,1998,ZA1998DHS,CH_VACC_C_OP3,93906080,I,455009,1455009,Region,Northern Province,0,,0,1,CHVACCCOP3,ZADHS1998455009,1998,DHS,149,128,,,1
ZAF,Western  Cape,3019288,Measles vaccination received,83.7,1,ZA,South Africa,1998,ZA1998DHS,CH_VACC_C_MSL,93906090,I,455001,1455001,Region,Western  Cape,0,,0,1,CHVACCCMSL,ZADHS1998455001,1998,DHS,80,62,,,1
ZAF,Eastern Cape,4270367,Measles vaccination received,75.4,1,ZA,South Africa,1998,ZA1998DHS,CH_VACC_C_MSL,93906090,I,455002,1455002,Region,Eastern Cape,0,,0,1,CHVACCCMSL,ZADHS1998455002,1998,DHS,127,234,,,1
ZAF,Northern Cape,6737402,Measles vaccination received,90.5,1,ZA,South Africa,1998,ZA1998DHS,CH_VACC_C_MSL,93906090,I,455003,1455003,Region,Northern Cape,0,,0,1,CHVACCCMSL,ZADHS1998455003,1998,DHS,20,83,,,1
ZAF,Free State,5603272,Measles vaccination received,80.8,1,ZA,South Africa,1998,ZA1998DHS,CH_VACC_C_MSL,93906090,I,455004,1455004,Region,Free State,0,,0,1,CHVACCCMSL,ZADHS1998455004,1998,DHS,51,62,,,1
ZAF,KwaZulu Natal,2779993,Measles vaccination received,82.5,1,ZA,South Africa,1998,ZA1998DHS,CH_VACC_C_MSL,93906090,I,455005,1455005,Region,KwaZulu Natal,0,,0,1,CHVACCCMSL,ZADHS1998455005,1998,DHS,208,150,,,1
ZAF,North West,1370782,Measles vaccination received,87,1,ZA,South Africa,1998,ZA1998DHS,CH_VACC_C_MSL,93906090,I,455006,1455006,Region,North West,0,,0,1,CHVACCCMSL,ZADHS1998455006,1998,DHS,67,69,,,1
ZAF,Gauteng,5710152,Measles vaccination received,84.4,1,ZA,South Africa,1998,ZA1998DHS,CH_VACC_C_MSL,93906090,I,455007,1455007,Region,Gauteng,0,,0,1,CHVACCCMSL,ZADHS1998455007,1998,DHS,199,83,,,1
ZAF,Mpumalanga,5890399,Measles vaccination received,83.7,1,ZA,South Africa,1998,ZA1998DHS,CH_VACC_C_MSL,93906090,I,455008,1455008,Region,Mpumalanga,0,,0,1,CHVACCCMSL,ZADHS1998455008,1998,DHS,72,100,,,1
ZAF,Northern Province,4088177,Measles vaccination received,80.4,1,ZA,South Africa,1998,ZA1998DHS,CH_VACC_C_MSL,93906090,I,455009,1455009,Region,Northern Province,0,,0,1,CHVACCCMSL,ZADHS1998455009,1998,DHS,149,128,,,1
ZAF,Western  Cape,3019287,Fully vaccinated (8 basic antigens),64.2,1,ZA,South Africa,1998,ZA1998DHS,CH_VACC_C_BAS,93906230,I,455001,1455001,Region,Western  Cape,0,,0,1,CHVACCCBAS,ZADHS1998455001,1998,DHS,80,62,,,1
ZAF,Eastern Cape,4270370,Fully vaccinated (8 basic antigens),52.6,1,ZA,South Africa,1998,ZA1998DHS,CH_VACC_C_BAS,93906230,I,455002,1455002,Region,Eastern Cape,0,,0,1,CHVACCCBAS,ZADHS1998455002,1998,DHS,127,234,,,1
ZAF,Northern Cape,6737408,Fully vaccinated (8 basic antigens),80.8,1,ZA,South Africa,1998,ZA1998DHS,CH_VACC_C_BAS,93906230,I,455003,1455003,Region,Northern Cape,0,,0,1,CHVACCCBAS,ZADHS1998455003,1998,DHS,20,83,,,1
ZAF,Free State,5603275,Fully vaccinated (8 basic antigens),67.8,1,ZA,South Africa,1998,ZA1998DHS,CH_VACC_C_BAS,93906230,I,455004,1455004,Region,Free State,0,,0,1,CHVACCCBAS,ZADHS1998455004,1998,DHS,51,62,,,1
ZAF,KwaZulu Natal,2779989,Fully vaccinated (8 basic antigens),49.5,1,ZA,South Africa,1998,ZA1998DHS,CH_VACC_C_BAS,93906230,I,455005,1455005,Region,KwaZulu Natal,0,,0,1,CHVACCCBAS,ZADHS1998455005,1998,DHS,208,150,,,1
ZAF,North West,1370779,Fully vaccinated (8 basic antigens),60.6,1,ZA,South Africa,1998,ZA1998DHS,CH_VACC_C_BAS,93906230,I,455006,1455006,Region,North West,0,,0,1,CHVACCCBAS,ZADHS1998455006,1998,DHS,67,69,,,1
ZAF,Gauteng,5710157,Fully vaccinated (8 basic antigens),72.4,1,ZA,South Africa,1998,ZA1998DHS,CH_VACC_C_BAS,93906230,I,455007,1455007,Region,Gauteng,0,,0,1,CHVACCCBAS,ZADHS1998455007,1998,DHS,199,83,,,1
ZAF,Mpumalanga,5890396,Fully vaccinated (8 basic antigens),67.2,1,ZA,South Africa,1998,ZA1998DHS,CH_VACC_C_BAS,93906230,I,455008,1455008,Region,Mpumalanga,0,,0,1,CHVACCCBAS,ZADHS1998455008,1998,DHS,72,100,,,1
ZAF,Northern Province,4088181,Fully vaccinated (8 basic antigens),74.9,1,ZA,South Africa,1998,ZA1998DHS,CH_VACC_C_BAS,93906230,I,455009,1455009,Region,Northern Province,0,,0,1,CHVACCCBAS,ZADHS1998455009,1998,DHS,149,128,,,1
ZAF,Western  Cape,3019289,Received no vaccinations,0,1,ZA,South Africa,1998,ZA1998DHS,CH_VACC_C_NON,93906250,I,455001,1455001,Region,Western  Cape,0,,0,1,CHVACCCNON,ZADHS1998455001,1998,DHS,80,62,,,1
ZAF,Eastern Cape,4270368,Received no vaccinations,3.1,1,ZA,South Africa,1998,ZA1998DHS,CH_VACC_C_NON,93906250,I,455002,1455002,Region,Eastern Cape,0,,0,1,CHVACCCNON,ZADHS1998455002,1998,DHS,127,234,,,1
ZAF,Northern Cape,6737403,Received no vaccinations,1.3,1,ZA,South Africa,1998,ZA1998DHS,CH_VACC_C_NON,93906250,I,455003,1455003,Region,Northern Cape,0,,0,1,CHVACCCNON,ZADHS1998455003,1998,DHS,20,83,,,1
ZAF,Free State,5603277,Received no vaccinations,1.6,1,ZA,South Africa,1998,ZA1998DHS,CH_VACC_C_NON,93906250,I,455004,1455004,Region,Free State,0,,0,1,CHVACCCNON,ZADHS1998455004,1998,DHS,51,62,,,1
ZAF,KwaZulu Natal,2779994,Received no vaccinations,2,1,ZA,South Africa,1998,ZA1998DHS,CH_VACC_C_NON,93906250,I,455005,1455005,Region,KwaZulu Natal,0,,0,1,CHVACCCNON,ZADHS1998455005,1998,DHS,208,150,,,1
ZAF,North West,1370783,Received no vaccinations,4.3,1,ZA,South Africa,1998,ZA1998DHS,CH_VACC_C_NON,93906250,I,455006,1455006,Region,North West,0,,0,1,CHVACCCNON,ZADHS1998455006,1998,DHS,67,69,,,1
ZAF,Gauteng,5710154,Received no vaccinations,2.4,1,ZA,South Africa,1998,ZA1998DHS,CH_VACC_C_NON,93906250,I,455007,1455007,Region,Gauteng,0,,0,1,CHVACCCNON,ZADHS1998455007,1998,DHS,199,83,,,1
ZAF,Mpumalanga,5890400,Received no vaccinations,2.7,1,ZA,South Africa,1998,ZA1998DHS,CH_VACC_C_NON,93906250,I,455008,1455008,Region,Mpumalanga,0,,0,1,CHVACCCNON,ZADHS1998455008,1998,DHS,72,100,,,1
ZAF,Northern Province,4088178,Received no vaccinations,1.6,1,ZA,South Africa,1998,ZA1998DHS,CH_VACC_C_NON,93906250,I,455009,1455009,Region,Northern Province,0,,0,1,CHVACCCNON,ZADHS1998455009,1998,DHS,149,128,,,1
ZAF,Western  Cape,1352059,Number of children 12-23 months,80,0,ZA,South Africa,1998,ZA1998DHS,CH_VACC_C_NUM,93906270,D,455001,1455001,Region,Western  Cape,0,,0,1,CHVACCCNUM,ZADHS1998455001,1998,DHS,,62,,,1
ZAF,Eastern Cape,4348446,Number of children 12-23 months,127,0,ZA,South Africa,1998,ZA1998DHS,CH_VACC_C_NUM,93906270,D,455002,1455002,Region,Eastern Cape,0,,0,1,CHVACCCNUM,ZADHS1998455002,1998,DHS,,234,,,1
ZAF,Northern Cape,6852696,Number of children 12-23 months,20,0,ZA,South Africa,1998,ZA1998DHS,CH_VACC_C_NUM,93906270,D,455003,1455003,Region,Northern Cape,0,,0,1,CHVACCCNUM,ZADHS1998455003,1998,DHS,,83,,,1
ZAF,Free State,5603276,Number of children 12-23 months,51,0,ZA,South Africa,1998,ZA1998DHS,CH_VACC_C_NUM,93906270,D,455004,1455004,Region,Free State,0,,0,1,CHVACCCNUM,ZADHS1998455004,1998,DHS,,62,,,1
ZAF,KwaZulu Natal,1358089,Number of children 12-23 months,208,0,ZA,South Africa,1998,ZA1998DHS,CH_VACC_C_NUM,93906270,D,455005,1455005,Region,KwaZulu Natal,0,,0,1,CHVACCCNUM,ZADHS1998455005,1998,DHS,,150,,,1
ZAF,North West,1370784,Number of children 12-23 months,67,0,ZA,South Africa,1998,ZA1998DHS,CH_VACC_C_NUM,93906270,D,455006,1455006,Region,North West,0,,0,1,CHVACCCNUM,ZADHS1998455006,1998,DHS,,69,,,1
ZAF,Gauteng,5710153,Number of children 12-23 months,199,0,ZA,South Africa,1998,ZA1998DHS,CH_VACC_C_NUM,93906270,D,455007,1455007,Region,Gauteng,0,,0,1,CHVACCCNUM,ZADHS1998455007,1998,DHS,,83,,,1
ZAF,Mpumalanga,5970384,Number of children 12-23 months,72,0,ZA,South Africa,1998,ZA1998DHS,CH_VACC_C_NUM,93906270,D,455008,1455008,Region,Mpumalanga,0,,0,1,CHVACCCNUM,ZADHS1998455008,1998,DHS,,100,,,1
ZAF,Northern Province,4144433,Number of children 12-23 months,149,0,ZA,South Africa,1998,ZA1998DHS,CH_VACC_C_NUM,93906270,D,455009,1455009,Region,Northern Province,0,,0,1,CHVACCCNUM,ZADHS1998455009,1998,DHS,,128,,,1
ZAF,Western  Cape,3019292,Number of children 12-23 months (unweighted),62,0,ZA,South Africa,1998,ZA1998DHS,CH_VACC_C_UNW,93906280,U,455001,1455001,Region,Western  Cape,0,,0,1,CHVACCCUNW,ZADHS1998455001,1998,DHS,80,,,,1
ZAF,Eastern Cape,2245198,Number of children 12-23 months (unweighted),234,0,ZA,South Africa,1998,ZA1998DHS,CH_VACC_C_UNW,93906280,U,455002,1455002,Region,Eastern Cape,0,,0,1,CHVACCCUNW,ZADHS1998455002,1998,DHS,127,,,,1
ZAF,Northern Cape,3112025,Number of children 12-23 months (unweighted),83,0,ZA,South Africa,1998,ZA1998DHS,CH_VACC_C_UNW,93906280,U,455003,1455003,Region,Northern Cape,0,,0,1,CHVACCCUNW,ZADHS1998455003,1998,DHS,20,,,,1
ZAF,Free State,1358084,Number of children 12-23 months (unweighted),62,0,ZA,South Africa,1998,ZA1998DHS,CH_VACC_C_UNW,93906280,U,455004,1455004,Region,Free State,0,,0,1,CHVACCCUNW,ZADHS1998455004,1998,DHS,51,,,,1
ZAF,KwaZulu Natal,2780032,Number of children 12-23 months (unweighted),150,0,ZA,South Africa,1998,ZA1998DHS,CH_VACC_C_UNW,93906280,U,455005,1455005,Region,KwaZulu Natal,0,,0,1,CHVACCCUNW,ZADHS1998455005,1998,DHS,208,,,,1
ZAF,North West,1370795,Number of children 12-23 months (unweighted),69,0,ZA,South Africa,1998,ZA1998DHS,CH_VACC_C_UNW,93906280,U,455006,1455006,Region,North West,0,,0,1,CHVACCCUNW,ZADHS1998455006,1998,DHS,67,,,,1
ZAF,Gauteng,1364536,Number of children 12-23 months (unweighted),83,0,ZA,South Africa,1998,ZA1998DHS,CH_VACC_C_UNW,93906280,U,455007,1455007,Region,Gauteng,0,,0,1,CHVACCCUNW,ZADHS1998455007,1998,DHS,199,,,,1
ZAF,Mpumalanga,2961624,Number of children 12-23 months (unweighted),100,0,ZA,South Africa,1998,ZA1998DHS,CH_VACC_C_UNW,93906280,U,455008,1455008,Region,Mpumalanga,0,,0,1,CHVACCCUNW,ZADHS1998455008,1998,DHS,72,,,,1
ZAF,Northern Province,2278623,Number of children 12-23 months (unweighted),128,0,ZA,South Africa,1998,ZA1998DHS,CH_VACC_C_UNW,93906280,U,455009,1455009,Region,Northern Province,0,,0,1,CHVACCCUNW,ZADHS1998455009,1998,DHS,149,,,,1
ZAF,Western  Cape,1431740,BCG vaccination received,91.4,1,ZA,South Africa,2016,ZA2016DHS,CH_VACC_C_BCG,93906010,I,455001,1455001,Region,Western  Cape,0,,0,1,CHVACCCBCG,ZADHS2016455001,2016,DHS,54,36,,,1
ZAF,Eastern Cape,5492256,BCG vaccination received,96.2,1,ZA,South Africa,2016,ZA2016DHS,CH_VACC_C_BCG,93906010,I,455002,1455002,Region,Eastern Cape,0,,0,1,CHVACCCBCG,ZADHS2016455002,2016,DHS,81,90,,,1
ZAF,Northern Cape,6415460,BCG vaccination received,95.8,1,ZA,South Africa,2016,ZA2016DHS,CH_VACC_C_BCG,93906010,I,455003,1455003,Region,Northern Cape,0,,0,1,CHVACCCBCG,ZADHS2016455003,2016,DHS,12,51,,,1
ZAF,Free State,5586864,BCG vaccination received,97.8,1,ZA,South Africa,2016,ZA2016DHS,CH_VACC_C_BCG,93906010,I,455004,1455004,Region,Free State,0,,0,1,CHVACCCBCG,ZADHS2016455004,2016,DHS,25,49,,,1
ZAF,KwaZulu Natal,6624482,BCG vaccination received,91.3,1,ZA,South Africa,2016,ZA2016DHS,CH_VACC_C_BCG,93906010,I,455005,1455005,Region,KwaZulu Natal,0,,0,1,CHVACCCBCG,ZADHS2016455005,2016,DHS,135,117,,,1
ZAF,North West,1427558,BCG vaccination received,94.5,1,ZA,South Africa,2016,ZA2016DHS,CH_VACC_C_BCG,93906010,I,455006,1455006,Region,North West,0,,0,1,CHVACCCBCG,ZADHS2016455006,2016,DHS,59,73,,,1
ZAF,Gauteng,6608411,BCG vaccination received,92.6,1,ZA,South Africa,2016,ZA2016DHS,CH_VACC_C_BCG,93906010,I,455007,1455007,Region,Gauteng,0,,0,1,CHVACCCBCG,ZADHS2016455007,2016,DHS,180,66,,,1
ZAF,Mpumalanga,3120808,BCG vaccination received,85.7,1,ZA,South Africa,2016,ZA2016DHS,CH_VACC_C_BCG,93906010,I,455008,1455008,Region,Mpumalanga,0,,0,1,CHVACCCBCG,ZADHS2016455008,2016,DHS,61,94,,,1
ZAF,Northern Province,7842489,BCG vaccination received,92.9,1,ZA,South Africa,2016,ZA2016DHS,CH_VACC_C_BCG,93906010,I,455009,1455009,Region,Northern Province,0,,0,1,CHVACCCBCG,ZADHS2016455009,2016,DHS,69,94,,,1
ZAF,Western  Cape,1431748,DPT 1 vaccination received,89.6,1,ZA,South Africa,2016,ZA2016DHS,CH_VACC_C_DP1,93906020,I,455001,1455001,Region,Western  Cape,0,,0,1,CHVACCCDP1,ZADHS2016455001,2016,DHS,54,36,,,1
ZAF,Eastern Cape,5492262,DPT 1 vaccination received,95,1,ZA,South Africa,2016,ZA2016DHS,CH_VACC_C_DP1,93906020,I,455002,1455002,Region,Eastern Cape,0,,0,1,CHVACCCDP1,ZADHS2016455002,2016,DHS,81,90,,,1
ZAF,Northern Cape,6415462,DPT 1 vaccination received,95.8,1,ZA,South Africa,2016,ZA2016DHS,CH_VACC_C_DP1,93906020,I,455003,1455003,Region,Northern Cape,0,,0,1,CHVACCCDP1,ZADHS2016455003,2016,DHS,12,51,,,1
ZAF,Free State,5586869,DPT 1 vaccination received,97.8,1,ZA,South Africa,2016,ZA2016DHS,CH_VACC_C_DP1,93906020,I,455004,1455004,Region,Free State,0,,0,1,CHVACCCDP1,ZADHS2016455004,2016,DHS,25,49,,,1
ZAF,KwaZulu Natal,6624483,DPT 1 vaccination received,91.6,1,ZA,South Africa,2016,ZA2016DHS,CH_VACC_C_DP1,93906020,I,455005,1455005,Region,KwaZulu Natal,0,,0,1,CHVACCCDP1,ZADHS2016455005,2016,DHS,135,117,,,1
ZAF,North West,1427557,DPT 1 vaccination received,99.2,1,ZA,South Africa,2016,ZA2016DHS,CH_VACC_C_DP1,93906020,I,455006,1455006,Region,North West,0,,0,1,CHVACCCDP1,ZADHS2016455006,2016,DHS,59,73,,,1
ZAF,Gauteng,6608403,DPT 1 vaccination received,87.9,1,ZA,South Africa,2016,ZA2016DHS,CH_VACC_C_DP1,93906020,I,455007,1455007,Region,Gauteng,0,,0,1,CHVACCCDP1,ZADHS2016455007,2016,DHS,180,66,,,1
ZAF,Mpumalanga,3120797,DPT 1 vaccination received,80.9,1,ZA,South Africa,2016,ZA2016DHS,CH_VACC_C_DP1,93906020,I,455008,1455008,Region,Mpumalanga,0,,0,1,CHVACCCDP1,ZADHS2016455008,2016,DHS,61,94,,,1
ZAF,Northern Province,7842481,DPT 1 vaccination received,94.7,1,ZA,South Africa,2016,ZA2016DHS,CH_VACC_C_DP1,93906020,I,455009,1455009,Region,Northern Province,0,,0,1,CHVACCCDP1,ZADHS2016455009,2016,DHS,69,94,,,1
ZAF,Western  Cape,1431752,DPT 2 vaccination received,78.7,1,ZA,South Africa,2016,ZA2016DHS,CH_VACC_C_DP2,93906030,I,455001,1455001,Region,Western  Cape,0,,0,1,CHVACCCDP2,ZADHS2016455001,2016,DHS,54,36,,,1
ZAF,Eastern Cape,5492257,DPT 2 vaccination received,85.4,1,ZA,South Africa,2016,ZA2016DHS,CH_VACC_C_DP2,93906030,I,455002,1455002,Region,Eastern Cape,0,,0,1,CHVACCCDP2,ZADHS2016455002,2016,DHS,81,90,,,1
ZAF,Northern Cape,6415461,DPT 2 vaccination received,87.3,1,ZA,South Africa,2016,ZA2016DHS,CH_VACC_C_DP2,93906030,I,455003,1455003,Region,Northern Cape,0,,0,1,CHVACCCDP2,ZADHS2016455003,2016,DHS,12,51,,,1
ZAF,Free State,5586865,DPT 2 vaccination received,95.7,1,ZA,South Africa,2016,ZA2016DHS,CH_VACC_C_DP2,93906030,I,455004,1455004,Region,Free State,0,,0,1,CHVACCCDP2,ZADHS2016455004,2016,DHS,25,49,,,1
ZAF,KwaZulu Natal,6624486,DPT 2 vaccination received,73.5,1,ZA,South Africa,2016,ZA2016DHS,CH_VACC_C_DP2,93906030,I,455005,1455005,Region,KwaZulu Natal,0,,0,1,CHVACCCDP2,ZADHS2016455005,2016,DHS,135,117,,,1
ZAF,North West,1427559,DPT 2 vaccination received,72.4,1,ZA,South Africa,2016,ZA2016DHS,CH_VACC_C_DP2,93906030,I,455006,1455006,Region,North West,0,,0,1,CHVACCCDP2,ZADHS2016455006,2016,DHS,59,73,,,1
ZAF,Gauteng,6608412,DPT 2 vaccination received,69.5,1,ZA,South Africa,2016,ZA2016DHS,CH_VACC_C_DP2,93906030,I,455007,1455007,Region,Gauteng,0,,0,1,CHVACCCDP2,ZADHS2016455007,2016,DHS,180,66,,,1
ZAF,Mpumalanga,3120809,DPT 2 vaccination received,72.8,1,ZA,South Africa,2016,ZA2016DHS,CH_VACC_C_DP2,93906030,I,455008,1455008,Region,Mpumalanga,0,,0,1,CHVACCCDP2,ZADHS2016455008,2016,DHS,61,94,,,1
ZAF,Northern Province,7842490,DPT 2 vaccination received,74,1,ZA,South Africa,2016,ZA2016DHS,CH_VACC_C_DP2,93906030,I,455009,1455009,Region,Northern Province,0,,0,1,CHVACCCDP2,ZADHS2016455009,2016,DHS,69,94,,,1
ZAF,Western  Cape,1431749,DPT 3 vaccination received,70,1,ZA,South Africa,2016,ZA2016DHS,CH_VACC_C_DP3,93906040,I,455001,1455001,Region,Western  Cape,0,,0,1,CHVACCCDP3,ZADHS2016455001,2016,DHS,54,36,,,1
ZAF,Eastern Cape,5492266,DPT 3 vaccination received,74.3,1,ZA,South Africa,2016,ZA2016DHS,CH_VACC_C_DP3,93906040,I,455002,1455002,Region,Eastern Cape,0,,0,1,CHVACCCDP3,ZADHS2016455002,2016,DHS,81,90,,,1
ZAF,Northern Cape,6415463,DPT 3 vaccination received,80.6,1,ZA,South Africa,2016,ZA2016DHS,CH_VACC_C_DP3,93906040,I,455003,1455003,Region,Northern Cape,0,,0,1,CHVACCCDP3,ZADHS2016455003,2016,DHS,12,51,,,1
ZAF,Free State,5586870,DPT 3 vaccination received,84.8,1,ZA,South Africa,2016,ZA2016DHS,CH_VACC_C_DP3,93906040,I,455004,1455004,Region,Free State,0,,0,1,CHVACCCDP3,ZADHS2016455004,2016,DHS,25,49,,,1
ZAF,KwaZulu Natal,6624484,DPT 3 vaccination received,65.3,1,ZA,South Africa,2016,ZA2016DHS,CH_VACC_C_DP3,93906040,I,455005,1455005,Region,KwaZulu Natal,0,,0,1,CHVACCCDP3,ZADHS2016455005,2016,DHS,135,117,,,1
ZAF,North West,1427569,DPT 3 vaccination received,65,1,ZA,South Africa,2016,ZA2016DHS,CH_VACC_C_DP3,93906040,I,455006,1455006,Region,North West,0,,0,1,CHVACCCDP3,ZADHS2016455006,2016,DHS,59,73,,,1
ZAF,Gauteng,6608404,DPT 3 vaccination received,53.6,1,ZA,South Africa,2016,ZA2016DHS,CH_VACC_C_DP3,93906040,I,455007,1455007,Region,Gauteng,0,,0,1,CHVACCCDP3,ZADHS2016455007,2016,DHS,180,66,,,1
ZAF,Mpumalanga,3120798,DPT 3 vaccination received,61.9,1,ZA,South Africa,2016,ZA2016DHS,CH_VACC_C_DP3,93906040,I,455008,1455008,Region,Mpumalanga,0,,0,1,CHVACCCDP3,ZADHS2016455008,2016,DHS,61,94,,,1
ZAF,Northern Province,7842482,DPT 3 vaccination received,71.1,1,ZA,South Africa,2016,ZA2016DHS,CH_VACC_C_DP3,93906040,I,455009,1455009,Region,Northern Province,0,,0,1,CHVACCCDP3,ZADHS2016455009,2016,DHS,69,94,,,1
ZAF,Western  Cape,1431755,Polio 0 vaccination received,88.1,1,ZA,South Africa,2016,ZA2016DHS,CH_VACC_C_OP0,93906050,I,455001,1455001,Region,Western  Cape,0,,0,1,CHVACCCOP0,ZADHS2016455001,2016,DHS,54,36,,,1
ZAF,Eastern Cape,5492273,Polio 0 vaccination received,94.2,1,ZA,South Africa,2016,ZA2016DHS,CH_VACC_C_OP0,93906050,I,455002,1455002,Region,Eastern Cape,0,,0,1,CHVACCCOP0,ZADHS2016455002,2016,DHS,81,90,,,1
ZAF,Northern Cape,6415476,Polio 0 vaccination received,90.3,1,ZA,South Africa,2016,ZA2016DHS,CH_VACC_C_OP0,93906050,I,455003,1455003,Region,Northern Cape,0,,0,1,CHVACCCOP0,ZADHS2016455003,2016,DHS,12,51,,,1
ZAF,Free State,5586863,Polio 0 vaccination received,97.8,1,ZA,South Africa,2016,ZA2016DHS,CH_VACC_C_OP0,93906050,I,455004,1455004,Region,Free State,0,,0,1,CHVACCCOP0,ZADHS2016455004,2016,DHS,25,49,,,1
ZAF,KwaZulu Natal,6624512,Polio 0 vaccination received,92.2,1,ZA,South Africa,2016,ZA2016DHS,CH_VACC_C_OP0,93906050,I,455005,1455005,Region,KwaZulu Natal,0,,0,1,CHVACCCOP0,ZADHS2016455005,2016,DHS,135,117,,,1
ZAF,North West,1427581,Polio 0 vaccination received,98.6,1,ZA,South Africa,2016,ZA2016DHS,CH_VACC_C_OP0,93906050,I,455006,1455006,Region,North West,0,,0,1,CHVACCCOP0,ZADHS2016455006,2016,DHS,59,73,,,1
ZAF,Gauteng,6608400,Polio 0 vaccination received,91.5,1,ZA,South Africa,2016,ZA2016DHS,CH_VACC_C_OP0,93906050,I,455007,1455007,Region,Gauteng,0,,0,1,CHVACCCOP0,ZADHS2016455007,2016,DHS,180,66,,,1
ZAF,Mpumalanga,3120805,Polio 0 vaccination received,87.1,1,ZA,South Africa,2016,ZA2016DHS,CH_VACC_C_OP0,93906050,I,455008,1455008,Region,Mpumalanga,0,,0,1,CHVACCCOP0,ZADHS2016455008,2016,DHS,61,94,,,1
ZAF,Northern Province,7842383,Polio 0 vaccination received,93.4,1,ZA,South Africa,2016,ZA2016DHS,CH_VACC_C_OP0,93906050,I,455009,1455009,Region,Northern Province,0,,0,1,CHVACCCOP0,ZADHS2016455009,2016,DHS,69,94,,,1
ZAF,Western  Cape,1431756,Polio 1 vaccination received,91.4,1,ZA,South Africa,2016,ZA2016DHS,CH_VACC_C_OP1,93906060,I,455001,1455001,Region,Western  Cape,0,,0,1,CHVACCCOP1,ZADHS2016455001,2016,DHS,54,36,,,1
ZAF,Eastern Cape,5492274,Polio 1 vaccination received,91,1,ZA,South Africa,2016,ZA2016DHS,CH_VACC_C_OP1,93906060,I,455002,1455002,Region,Eastern Cape,0,,0,1,CHVACCCOP1,ZADHS2016455002,2016,DHS,81,90,,,1
ZAF,Northern Cape,6415477,Polio 1 vaccination received,84.5,1,ZA,South Africa,2016,ZA2016DHS,CH_VACC_C_OP1,93906060,I,455003,1455003,Region,Northern Cape,0,,0,1,CHVACCCOP1,ZADHS2016455003,2016,DHS,12,51,,,1
ZAF,Free State,5586886,Polio 1 vaccination received,95.8,1,ZA,South Africa,2016,ZA2016DHS,CH_VACC_C_OP1,93906060,I,455004,1455004,Region,Free State,0,,0,1,CHVACCCOP1,ZADHS2016455004,2016,DHS,25,49,,,1
ZAF,KwaZulu Natal,6624513,Polio 1 vaccination received,71.6,1,ZA,South Africa,2016,ZA2016DHS,CH_VACC_C_OP1,93906060,I,455005,1455005,Region,KwaZulu Natal,0,,0,1,CHVACCCOP1,ZADHS2016455005,2016,DHS,135,117,,,1
ZAF,North West,1427582,Polio 1 vaccination received,76.5,1,ZA,South Africa,2016,ZA2016DHS,CH_VACC_C_OP1,93906060,I,455006,1455006,Region,North West,0,,0,1,CHVACCCOP1,ZADHS2016455006,2016,DHS,59,73,,,1
ZAF,Gauteng,6608401,Polio 1 vaccination received,69.8,1,ZA,South Africa,2016,ZA2016DHS,CH_VACC_C_OP1,93906060,I,455007,1455007,Region,Gauteng,0,,0,1,CHVACCCOP1,ZADHS2016455007,2016,DHS,180,66,,,1
ZAF,Mpumalanga,3120806,Polio 1 vaccination received,79.7,1,ZA,South Africa,2016,ZA2016DHS,CH_VACC_C_OP1,93906060,I,455008,1455008,Region,Mpumalanga,0,,0,1,CHVACCCOP1,ZADHS2016455008,2016,DHS,61,94,,,1
ZAF,Northern Province,7842384,Polio 1 vaccination received,79.5,1,ZA,South Africa,2016,ZA2016DHS,CH_VACC_C_OP1,93906060,I,455009,1455009,Region,Northern Province,0,,0,1,CHVACCCOP1,ZADHS2016455009,2016,DHS,69,94,,,1
ZAF,Western  Cape,1431760,Measles vaccination received,77.6,1,ZA,South Africa,2016,ZA2016DHS,CH_VACC_C_MSL,93906090,I,455001,1455001,Region,Western  Cape,0,,0,1,CHVACCCMSL,ZADHS2016455001,2016,DHS,54,36,,,1
ZAF,Eastern Cape,5492271,Measles vaccination received,88.6,1,ZA,South Africa,2016,ZA2016DHS,CH_VACC_C_MSL,93906090,I,455002,1455002,Region,Eastern Cape,0,,0,1,CHVACCCMSL,ZADHS2016455002,2016,DHS,81,90,,,1
ZAF,Northern Cape,6415484,Measles vaccination received,84.9,1,ZA,South Africa,2016,ZA2016DHS,CH_VACC_C_MSL,93906090,I,455003,1455003,Region,Northern Cape,0,,0,1,CHVACCCMSL,ZADHS2016455003,2016,DHS,12,51,,,1
ZAF,Free State,5586884,Measles vaccination received,90.7,1,ZA,South Africa,2016,ZA2016DHS,CH_VACC_C_MSL,93906090,I,455004,1455004,Region,Free State,0,,0,1,CHVACCCMSL,ZADHS2016455004,2016,DHS,25,49,,,1
ZAF,KwaZulu Natal,6624495,Measles vaccination received,89.4,1,ZA,South Africa,2016,ZA2016DHS,CH_VACC_C_MSL,93906090,I,455005,1455005,Region,KwaZulu Natal,0,,0,1,CHVACCCMSL,ZADHS2016455005,2016,DHS,135,117,,,1
ZAF,North West,1427574,Measles vaccination received,85,1,ZA,South Africa,2016,ZA2016DHS,CH_VACC_C_MSL,93906090,I,455006,1455006,Region,North West,0,,0,1,CHVACCCMSL,ZADHS2016455006,2016,DHS,59,73,,,1
ZAF,Gauteng,6608409,Measles vaccination received,87.7,1,ZA,South Africa,2016,ZA2016DHS,CH_VACC_C_MSL,93906090,I,455007,1455007,Region,Gauteng,0,,0,1,CHVACCCMSL,ZADHS2016455007,2016,DHS,180,66,,,1
ZAF,Mpumalanga,3120803,Measles vaccination received,75,1,ZA,South Africa,2016,ZA2016DHS,CH_VACC_C_MSL,93906090,I,455008,1455008,Region,Mpumalanga,0,,0,1,CHVACCCMSL,ZADHS2016455008,2016,DHS,61,94,,,1
ZAF,Northern Province,7842487,Measles vaccination received,88.7,1,ZA,South Africa,2016,ZA2016DHS,CH_VACC_C_MSL,93906090,I,455009,1455009,Region,Northern Province,0,,0,1,CHVACCCMSL,ZADHS2016455009,2016,DHS,69,94,,,1
ZAF,Western  Cape,1431750,Hepatitis 1 vaccination received,86.4,1,ZA,South Africa,2016,ZA2016DHS,CH_VACC_C_HP1,93906110,I,455001,1455001,Region,Western  Cape,0,,0,1,CHVACCCHP1,ZADHS2016455001,2016,DHS,54,36,,,1
ZAF,Eastern Cape,5492267,Hepatitis 1 vaccination received,94,1,ZA,South Africa,2016,ZA2016DHS,CH_VACC_C_HP1,93906110,I,455002,1455002,Region,Eastern Cape,0,,0,1,CHVACCCHP1,ZADHS2016455002,2016,DHS,81,90,,,1
ZAF,Northern Cape,6415464,Hepatitis 1 vaccination received,91.6,1,ZA,South Africa,2016,ZA2016DHS,CH_VACC_C_HP1,93906110,I,455003,1455003,Region,Northern Cape,0,,0,1,CHVACCCHP1,ZADHS2016455003,2016,DHS,12,51,,,1
ZAF,Free State,5586871,Hepatitis 1 vaccination received,97.8,1,ZA,South Africa,2016,ZA2016DHS,CH_VACC_C_HP1,93906110,I,455004,1455004,Region,Free State,0,,0,1,CHVACCCHP1,ZADHS2016455004,2016,DHS,25,49,,,1
ZAF,KwaZulu Natal,6624485,Hepatitis 1 vaccination received,91.6,1,ZA,South Africa,2016,ZA2016DHS,CH_VACC_C_HP1,93906110,I,455005,1455005,Region,KwaZulu Natal,0,,0,1,CHVACCCHP1,ZADHS2016455005,2016,DHS,135,117,,,1
ZAF,North West,1427570,Hepatitis 1 vaccination received,97,1,ZA,South Africa,2016,ZA2016DHS,CH_VACC_C_HP1,93906110,I,455006,1455006,Region,North West,0,,0,1,CHVACCCHP1,ZADHS2016455006,2016,DHS,59,73,,,1
ZAF,Gauteng,6608405,Hepatitis 1 vaccination received,87.9,1,ZA,South Africa,2016,ZA2016DHS,CH_VACC_C_HP1,93906110,I,455007,1455007,Region,Gauteng,0,,0,1,CHVACCCHP1,ZADHS2016455007,2016,DHS,180,66,,,1
ZAF,Mpumalanga,3120799,Hepatitis 1 vaccination received,80,1,ZA,South Africa,2016,ZA2016DHS,CH_VACC_C_HP1,93906110,I,455008,1455008,Region,Mpumalanga,0,,0,1,CHVACCCHP1,ZADHS2016455008,2016,DHS,61,94,,,1
ZAF,Northern Province,7842483,Hepatitis 1 vaccination received,92.1,1,ZA,South Africa,2016,ZA2016DHS,CH_VACC_C_HP1,93906110,I,455009,1455009,Region,Northern Province,0,,0,1,CHVACCCHP1,ZADHS2016455009,2016,DHS,69,94,,,1
ZAF,Western  Cape,1431753,Hepatitis 2 vaccination received,73,1,ZA,South Africa,2016,ZA2016DHS,CH_VACC_C_HP2,93906120,I,455001,1455001,Region,Western  Cape,0,,0,1,CHVACCCHP2,ZADHS2016455001,2016,DHS,54,36,,,1
ZAF,Eastern Cape,5492258,Hepatitis 2 vaccination received,86.6,1,ZA,South Africa,2016,ZA2016DHS,CH_VACC_C_HP2,93906120,I,455002,1455002,Region,Eastern Cape,0,,0,1,CHVACCCHP2,ZADHS2016455002,2016,DHS,81,90,,,1
ZAF,Northern Cape,6415479,Hepatitis 2 vaccination received,81.1,1,ZA,South Africa,2016,ZA2016DHS,CH_VACC_C_HP2,93906120,I,455003,1455003,Region,Northern Cape,0,,0,1,CHVACCCHP2,ZADHS2016455003,2016,DHS,12,51,,,1
ZAF,Free State,5586866,Hepatitis 2 vaccination received,91.6,1,ZA,South Africa,2016,ZA2016DHS,CH_VACC_C_HP2,93906120,I,455004,1455004,Region,Free State,0,,0,1,CHVACCCHP2,ZADHS2016455004,2016,DHS,25,49,,,1
ZAF,KwaZulu Natal,6624487,Hepatitis 2 vaccination received,67.4,1,ZA,South Africa,2016,ZA2016DHS,CH_VACC_C_HP2,93906120,I,455005,1455005,Region,KwaZulu Natal,0,,0,1,CHVACCCHP2,ZADHS2016455005,2016,DHS,135,117,,,1
ZAF,North West,1427576,Hepatitis 2 vaccination received,81.3,1,ZA,South Africa,2016,ZA2016DHS,CH_VACC_C_HP2,93906120,I,455006,1455006,Region,North West,0,,0,1,CHVACCCHP2,ZADHS2016455006,2016,DHS,59,73,,,1
ZAF,Gauteng,6608413,Hepatitis 2 vaccination received,68.6,1,ZA,South Africa,2016,ZA2016DHS,CH_VACC_C_HP2,93906120,I,455007,1455007,Region,Gauteng,0,,0,1,CHVACCCHP2,ZADHS2016455007,2016,DHS,180,66,,,1
ZAF,Mpumalanga,3120810,Hepatitis 2 vaccination received,69.6,1,ZA,South Africa,2016,ZA2016DHS,CH_VACC_C_HP2,93906120,I,455008,1455008,Region,Mpumalanga,0,,0,1,CHVACCCHP2,ZADHS2016455008,2016,DHS,61,94,,,1
ZAF,Northern Province,7842491,Hepatitis 2 vaccination received,70.9,1,ZA,South Africa,2016,ZA2016DHS,CH_VACC_C_HP2,93906120,I,455009,1455009,Region,Northern Province,0,,0,1,CHVACCCHP2,ZADHS2016455009,2016,DHS,69,94,,,1
ZAF,Western  Cape,1431744,Hepatitis 3 vaccination received,64.3,1,ZA,South Africa,2016,ZA2016DHS,CH_VACC_C_HP3,93906130,I,455001,1455001,Region,Western  Cape,0,,0,1,CHVACCCHP3,ZADHS2016455001,2016,DHS,54,36,,,1
ZAF,Eastern Cape,5492279,Hepatitis 3 vaccination received,72.2,1,ZA,South Africa,2016,ZA2016DHS,CH_VACC_C_HP3,93906130,I,455002,1455002,Region,Eastern Cape,0,,0,1,CHVACCCHP3,ZADHS2016455002,2016,DHS,81,90,,,1
ZAF,Northern Cape,6415489,Hepatitis 3 vaccination received,78.3,1,ZA,South Africa,2016,ZA2016DHS,CH_VACC_C_HP3,93906130,I,455003,1455003,Region,Northern Cape,0,,0,1,CHVACCCHP3,ZADHS2016455003,2016,DHS,12,51,,,1
ZAF,Free State,5586877,Hepatitis 3 vaccination received,87.6,1,ZA,South Africa,2016,ZA2016DHS,CH_VACC_C_HP3,93906130,I,455004,1455004,Region,Free State,0,,0,1,CHVACCCHP3,ZADHS2016455004,2016,DHS,25,49,,,1
ZAF,KwaZulu Natal,6624491,Hepatitis 3 vaccination received,62.5,1,ZA,South Africa,2016,ZA2016DHS,CH_VACC_C_HP3,93906130,I,455005,1455005,Region,KwaZulu Natal,0,,0,1,CHVACCCHP3,ZADHS2016455005,2016,DHS,135,117,,,1
ZAF,North West,1427590,Hepatitis 3 vaccination received,64,1,ZA,South Africa,2016,ZA2016DHS,CH_VACC_C_HP3,93906130,I,455006,1455006,Region,North West,0,,0,1,CHVACCCHP3,ZADHS2016455006,2016,DHS,59,73,,,1
ZAF,Gauteng,6608444,Hepatitis 3 vaccination received,58.7,1,ZA,South Africa,2016,ZA2016DHS,CH_VACC_C_HP3,93906130,I,455007,1455007,Region,Gauteng,0,,0,1,CHVACCCHP3,ZADHS2016455007,2016,DHS,180,66,,,1
ZAF,Mpumalanga,3120818,Hepatitis 3 vaccination received,67.6,1,ZA,South Africa,2016,ZA2016DHS,CH_VACC_C_HP3,93906130,I,455008,1455008,Region,Mpumalanga,0,,0,1,CHVACCCHP3,ZADHS2016455008,2016,DHS,61,94,,,1
ZAF,Northern Province,7842389,Hepatitis 3 vaccination received,66.3,1,ZA,South Africa,2016,ZA2016DHS,CH_VACC_C_HP3,93906130,I,455009,1455009,Region,Northern Province,0,,0,1,CHVACCCHP3,ZADHS2016455009,2016,DHS,69,94,,,1
ZAF,Western  Cape,1431745,Haemophilus influenza type b 1 vaccination received,89.6,1,ZA,South Africa,2016,ZA2016DHS,CH_VACC_C_HB1,93906140,I,455001,1455001,Region,Western  Cape,0,,0,1,CHVACCCHB1,ZADHS2016455001,2016,DHS,54,36,,,1
ZAF,Eastern Cape,5492280,Haemophilus influenza type b 1 vaccination received,95,1,ZA,South Africa,2016,ZA2016DHS,CH_VACC_C_HB1,93906140,I,455002,1455002,Region,Eastern Cape,0,,0,1,CHVACCCHB1,ZADHS2016455002,2016,DHS,81,90,,,1
ZAF,Northern Cape,6415490,Haemophilus influenza type b 1 vaccination received,95.8,1,ZA,South Africa,2016,ZA2016DHS,CH_VACC_C_HB1,93906140,I,455003,1455003,Region,Northern Cape,0,,0,1,CHVACCCHB1,ZADHS2016455003,2016,DHS,12,51,,,1
ZAF,Free State,5586878,Haemophilus influenza type b 1 vaccination received,97.8,1,ZA,South Africa,2016,ZA2016DHS,CH_VACC_C_HB1,93906140,I,455004,1455004,Region,Free State,0,,0,1,CHVACCCHB1,ZADHS2016455004,2016,DHS,25,49,,,1
ZAF,KwaZulu Natal,6624532,Haemophilus influenza type b 1 vaccination received,91.6,1,ZA,South Africa,2016,ZA2016DHS,CH_VACC_C_HB1,93906140,I,455005,1455005,Region,KwaZulu Natal,0,,0,1,CHVACCCHB1,ZADHS2016455005,2016,DHS,135,117,,,1
ZAF,North West,1427591,Haemophilus influenza type b 1 vaccination received,99.2,1,ZA,South Africa,2016,ZA2016DHS,CH_VACC_C_HB1,93906140,I,455006,1455006,Region,North West,0,,0,1,CHVACCCHB1,ZADHS2016455006,2016,DHS,59,73,,,1
ZAF,Gauteng,6608445,Haemophilus influenza type b 1 vaccination received,87.9,1,ZA,South Africa,2016,ZA2016DHS,CH_VACC_C_HB1,93906140,I,455007,1455007,Region,Gauteng,0,,0,1,CHVACCCHB1,ZADHS2016455007,2016,DHS,180,66,,,1
ZAF,Mpumalanga,3120819,Haemophilus influenza type b 1 vaccination received,80.9,1,ZA,South Africa,2016,ZA2016DHS,CH_VACC_C_HB1,93906140,I,455008,1455008,Region,Mpumalanga,0,,0,1,CHVACCCHB1,ZADHS2016455008,2016,DHS,61,94,,,1
ZAF,Northern Province,7842390,Haemophilus influenza type b 1 vaccination received,94.7,1,ZA,South Africa,2016,ZA2016DHS,CH_VACC_C_HB1,93906140,I,455009,1455009,Region,Northern Province,0,,0,1,CHVACCCHB1,ZADHS2016455009,2016,DHS,69,94,,,1
ZAF,Western  Cape,1431746,Haemophilus influenza type b 2 vaccination received,78.7,1,ZA,South Africa,2016,ZA2016DHS,CH_VACC_C_HB2,93906150,I,455001,1455001,Region,Western  Cape,0,,0,1,CHVACCCHB2,ZADHS2016455001,2016,DHS,54,36,,,1
ZAF,Eastern Cape,5492281,Haemophilus influenza type b 2 vaccination received,85.4,1,ZA,South Africa,2016,ZA2016DHS,CH_VACC_C_HB2,93906150,I,455002,1455002,Region,Eastern Cape,0,,0,1,CHVACCCHB2,ZADHS2016455002,2016,DHS,81,90,,,1
ZAF,Northern Cape,6415491,Haemophilus influenza type b 2 vaccination received,87.3,1,ZA,South Africa,2016,ZA2016DHS,CH_VACC_C_HB2,93906150,I,455003,1455003,Region,Northern Cape,0,,0,1,CHVACCCHB2,ZADHS2016455003,2016,DHS,12,51,,,1
ZAF,Free State,5586879,Haemophilus influenza type b 2 vaccination received,95.7,1,ZA,South Africa,2016,ZA2016DHS,CH_VACC_C_HB2,93906150,I,455004,1455004,Region,Free State,0,,0,1,CHVACCCHB2,ZADHS2016455004,2016,DHS,25,49,,,1
ZAF,KwaZulu Natal,6624533,Haemophilus influenza type b 2 vaccination received,73.5,1,ZA,South Africa,2016,ZA2016DHS,CH_VACC_C_HB2,93906150,I,455005,1455005,Region,KwaZulu Natal,0,,0,1,CHVACCCHB2,ZADHS2016455005,2016,DHS,135,117,,,1
ZAF,North West,1427592,Haemophilus influenza type b 2 vaccination received,72.4,1,ZA,South Africa,2016,ZA2016DHS,CH_VACC_C_HB2,93906150,I,455006,1455006,Region,North West,0,,0,1,CHVACCCHB2,ZADHS2016455006,2016,DHS,59,73,,,1
ZAF,Gauteng,6608446,Haemophilus influenza type b 2 vaccination received,69.5,1,ZA,South Africa,2016,ZA2016DHS,CH_VACC_C_HB2,93906150,I,455007,1455007,Region,Gauteng,0,,0,1,CHVACCCHB2,ZADHS2016455007,2016,DHS,180,66,,,1
ZAF,Mpumalanga,3120820,Haemophilus influenza type b 2 vaccination received,72.8,1,ZA,South Africa,2016,ZA2016DHS,CH_VACC_C_HB2,93906150,I,455008,1455008,Region,Mpumalanga,0,,0,1,CHVACCCHB2,ZADHS2016455008,2016,DHS,61,94,,,1
ZAF,Northern Province,7842391,Haemophilus influenza type b 2 vaccination received,74,1,ZA,South Africa,2016,ZA2016DHS,CH_VACC_C_HB2,93906150,I,455009,1455009,Region,Northern Province,0,,0,1,CHVACCCHB2,ZADHS2016455009,2016,DHS,69,94,,,1
ZAF,Western  Cape,1431747,Haemophilus influenza type b 3 vaccination received,70,1,ZA,South Africa,2016,ZA2016DHS,CH_VACC_C_HB3,93906160,I,455001,1455001,Region,Western  Cape,0,,0,1,CHVACCCHB3,ZADHS2016455001,2016,DHS,54,36,,,1
ZAF,Eastern Cape,5492282,Haemophilus influenza type b 3 vaccination received,74.3,1,ZA,South Africa,2016,ZA2016DHS,CH_VACC_C_HB3,93906160,I,455002,1455002,Region,Eastern Cape,0,,0,1,CHVACCCHB3,ZADHS2016455002,2016,DHS,81,90,,,1
ZAF,Northern Cape,6415524,Haemophilus influenza type b 3 vaccination received,80.6,1,ZA,South Africa,2016,ZA2016DHS,CH_VACC_C_HB3,93906160,I,455003,1455003,Region,Northern Cape,0,,0,1,CHVACCCHB3,ZADHS2016455003,2016,DHS,12,51,,,1
ZAF,Free State,5586880,Haemophilus influenza type b 3 vaccination received,84.8,1,ZA,South Africa,2016,ZA2016DHS,CH_VACC_C_HB3,93906160,I,455004,1455004,Region,Free State,0,,0,1,CHVACCCHB3,ZADHS2016455004,2016,DHS,25,49,,,1
ZAF,KwaZulu Natal,6624534,Haemophilus influenza type b 3 vaccination received,65.3,1,ZA,South Africa,2016,ZA2016DHS,CH_VACC_C_HB3,93906160,I,455005,1455005,Region,KwaZulu Natal,0,,0,1,CHVACCCHB3,ZADHS2016455005,2016,DHS,135,117,,,1
ZAF,North West,1427593,Haemophilus influenza type b 3 vaccination received,65,1,ZA,South Africa,2016,ZA2016DHS,CH_VACC_C_HB3,93906160,I,455006,1455006,Region,North West,0,,0,1,CHVACCCHB3,ZADHS2016455006,2016,DHS,59,73,,,1
ZAF,Gauteng,6608447,Haemophilus influenza type b 3 vaccination received,53.6,1,ZA,South Africa,2016,ZA2016DHS,CH_VACC_C_HB3,93906160,I,455007,1455007,Region,Gauteng,0,,0,1,CHVACCCHB3,ZADHS2016455007,2016,DHS,180,66,,,1
ZAF,Mpumalanga,3120821,Haemophilus influenza type b 3 vaccination received,61.9,1,ZA,South Africa,2016,ZA2016DHS,CH_VACC_C_HB3,93906160,I,455008,1455008,Region,Mpumalanga,0,,0,1,CHVACCCHB3,ZADHS2016455008,2016,DHS,61,94,,,1
ZAF,Northern Province,7842392,Haemophilus influenza type b 3 vaccination received,71.1,1,ZA,South Africa,2016,ZA2016DHS,CH_VACC_C_HB3,93906160,I,455009,1455009,Region,Northern Province,0,,0,1,CHVACCCHB3,ZADHS2016455009,2016,DHS,69,94,,,1
ZAF,Western  Cape,1431769,Fully vaccinated (8 basic antigens),67.7,1,ZA,South Africa,2016,ZA2016DHS,CH_VACC_C_BAS,93906230,I,455001,1455001,Region,Western  Cape,0,,0,1,CHVACCCBAS,ZADHS2016455001,2016,DHS,54,36,,,1
ZAF,Eastern Cape,5492265,Fully vaccinated (8 basic antigens),70.9,1,ZA,South Africa,2016,ZA2016DHS,CH_VACC_C_BAS,93906230,I,455002,1455002,Region,Eastern Cape,0,,0,1,CHVACCCBAS,ZADHS2016455002,2016,DHS,81,90,,,1
ZAF,Northern Cape,6415483,Fully vaccinated (8 basic antigens),75.4,1,ZA,South Africa,2016,ZA2016DHS,CH_VACC_C_BAS,93906230,I,455003,1455003,Region,Northern Cape,0,,0,1,CHVACCCBAS,ZADHS2016455003,2016,DHS,12,51,,,1
ZAF,Free State,5586883,Fully vaccinated (8 basic antigens),79.5,1,ZA,South Africa,2016,ZA2016DHS,CH_VACC_C_BAS,93906230,I,455004,1455004,Region,Free State,0,,0,1,CHVACCCBAS,ZADHS2016455004,2016,DHS,25,49,,,1
ZAF,KwaZulu Natal,6624500,Fully vaccinated (8 basic antigens),62.4,1,ZA,South Africa,2016,ZA2016DHS,CH_VACC_C_BAS,93906230,I,455005,1455005,Region,KwaZulu Natal,0,,0,1,CHVACCCBAS,ZADHS2016455005,2016,DHS,135,117,,,1
ZAF,North West,1427580,Fully vaccinated (8 basic antigens),55.7,1,ZA,South Africa,2016,ZA2016DHS,CH_VACC_C_BAS,93906230,I,455006,1455006,Region,North West,0,,0,1,CHVACCCBAS,ZADHS2016455006,2016,DHS,59,73,,,1
ZAF,Gauteng,6608417,Fully vaccinated (8 basic antigens),51.9,1,ZA,South Africa,2016,ZA2016DHS,CH_VACC_C_BAS,93906230,I,455007,1455007,Region,Gauteng,0,,0,1,CHVACCCBAS,ZADHS2016455007,2016,DHS,180,66,,,1
ZAF,Mpumalanga,3120814,Fully vaccinated (8 basic antigens),55.5,1,ZA,South Africa,2016,ZA2016DHS,CH_VACC_C_BAS,93906230,I,455008,1455008,Region,Mpumalanga,0,,0,1,CHVACCCBAS,ZADHS2016455008,2016,DHS,61,94,,,1
ZAF,Northern Province,7842382,Fully vaccinated (8 basic antigens),66.7,1,ZA,South Africa,2016,ZA2016DHS,CH_VACC_C_BAS,93906230,I,455009,1455009,Region,Northern Province,0,,0,1,CHVACCCBAS,ZADHS2016455009,2016,DHS,69,94,,,1
ZAF,Western  Cape,1431766,Received no vaccinations,6.2,1,ZA,South Africa,2016,ZA2016DHS,CH_VACC_C_NON,93906250,I,455001,1455001,Region,Western  Cape,0,,0,1,CHVACCCNON,ZADHS2016455001,2016,DHS,54,36,,,1
ZAF,Eastern Cape,5492272,Received no vaccinations,3.1,1,ZA,South Africa,2016,ZA2016DHS,CH_VACC_C_NON,93906250,I,455002,1455002,Region,Eastern Cape,0,,0,1,CHVACCCNON,ZADHS2016455002,2016,DHS,81,90,,,1
ZAF,Northern Cape,6415485,Received no vaccinations,4.2,1,ZA,South Africa,2016,ZA2016DHS,CH_VACC_C_NON,93906250,I,455003,1455003,Region,Northern Cape,0,,0,1,CHVACCCNON,ZADHS2016455003,2016,DHS,12,51,,,1
ZAF,Free State,5586885,Received no vaccinations,2.2,1,ZA,South Africa,2016,ZA2016DHS,CH_VACC_C_NON,93906250,I,455004,1455004,Region,Free State,0,,0,1,CHVACCCNON,ZADHS2016455004,2016,DHS,25,49,,,1
ZAF,KwaZulu Natal,6624496,Received no vaccinations,6.2,1,ZA,South Africa,2016,ZA2016DHS,CH_VACC_C_NON,93906250,I,455005,1455005,Region,KwaZulu Natal,0,,0,1,CHVACCCNON,ZADHS2016455005,2016,DHS,135,117,,,1
ZAF,North West,1427575,Received no vaccinations,0,1,ZA,South Africa,2016,ZA2016DHS,CH_VACC_C_NON,93906250,I,455006,1455006,Region,North West,0,,0,1,CHVACCCNON,ZADHS2016455006,2016,DHS,59,73,,,1
ZAF,Gauteng,6608410,Received no vaccinations,6.6,1,ZA,South Africa,2016,ZA2016DHS,CH_VACC_C_NON,93906250,I,455007,1455007,Region,Gauteng,0,,0,1,CHVACCCNON,ZADHS2016455007,2016,DHS,180,66,,,1
ZAF,Mpumalanga,3120804,Received no vaccinations,10.4,1,ZA,South Africa,2016,ZA2016DHS,CH_VACC_C_NON,93906250,I,455008,1455008,Region,Mpumalanga,0,,0,1,CHVACCCNON,ZADHS2016455008,2016,DHS,61,94,,,1
ZAF,Northern Province,7842488,Received no vaccinations,2.9,1,ZA,South Africa,2016,ZA2016DHS,CH_VACC_C_NON,93906250,I,455009,1455009,Region,Northern Province,0,,0,1,CHVACCCNON,ZADHS2016455009,2016,DHS,69,94,,,1
ZAF,Western  Cape,1431791,Number of children 12-23 months,54,0,ZA,South Africa,2016,ZA2016DHS,CH_VACC_C_NUM,93906270,D,455001,1455001,Region,Western  Cape,0,,0,1,CHVACCCNUM,ZADHS2016455001,2016,DHS,,36,,,1
ZAF,Eastern Cape,5519248,Number of children 12-23 months,81,0,ZA,South Africa,2016,ZA2016DHS,CH_VACC_C_NUM,93906270,D,455002,1455002,Region,Eastern Cape,0,,0,1,CHVACCCNUM,ZADHS2016455002,2016,DHS,,90,,,1
ZAF,Northern Cape,6385672,Number of children 12-23 months,12,0,ZA,South Africa,2016,ZA2016DHS,CH_VACC_C_NUM,93906270,D,455003,1455003,Region,Northern Cape,0,,0,1,CHVACCCNUM,ZADHS2016455003,2016,DHS,,51,,,1
ZAF,Free State,5586888,Number of children 12-23 months,25,0,ZA,South Africa,2016,ZA2016DHS,CH_VACC_C_NUM,93906270,D,455004,1455004,Region,Free State,0,,0,1,CHVACCCNUM,ZADHS2016455004,2016,DHS,,49,,,1
ZAF,KwaZulu Natal,6682757,Number of children 12-23 months,135,0,ZA,South Africa,2016,ZA2016DHS,CH_VACC_C_NUM,93906270,D,455005,1455005,Region,KwaZulu Natal,0,,0,1,CHVACCCNUM,ZADHS2016455005,2016,DHS,,117,,,1
ZAF,North West,1427586,Number of children 12-23 months,59,0,ZA,South Africa,2016,ZA2016DHS,CH_VACC_C_NUM,93906270,D,455006,1455006,Region,North West,0,,0,1,CHVACCCNUM,ZADHS2016455006,2016,DHS,,73,,,1
ZAF,Gauteng,6812127,Number of children 12-23 months,180,0,ZA,South Africa,2016,ZA2016DHS,CH_VACC_C_NUM,93906270,D,455007,1455007,Region,Gauteng,0,,0,1,CHVACCCNUM,ZADHS2016455007,2016,DHS,,66,,,1
ZAF,Mpumalanga,1431774,Number of children 12-23 months,61,0,ZA,South Africa,2016,ZA2016DHS,CH_VACC_C_NUM,93906270,D,455008,1455008,Region,Mpumalanga,0,,0,1,CHVACCCNUM,ZADHS2016455008,2016,DHS,,94,,,1
ZAF,Northern Province,7842523,Number of children 12-23 months,69,0,ZA,South Africa,2016,ZA2016DHS,CH_VACC_C_NUM,93906270,D,455009,1455009,Region,Northern Province,0,,0,1,CHVACCCNUM,ZADHS2016455009,2016,DHS,,94,,,1
ZAF,Western  Cape,1431795,Number of children 12-23 months (unweighted),36,0,ZA,South Africa,2016,ZA2016DHS,CH_VACC_C_UNW,93906280,U,455001,1455001,Region,Western  Cape,0,,0,1,CHVACCCUNW,ZADHS2016455001,2016,DHS,54,,,,1
ZAF,Eastern Cape,2009215,Number of children 12-23 months (unweighted),90,0,ZA,South Africa,2016,ZA2016DHS,CH_VACC_C_UNW,93906280,U,455002,1455002,Region,Eastern Cape,0,,0,1,CHVACCCUNW,ZADHS2016455002,2016,DHS,81,,,,1
ZAF,Northern Cape,3379835,Number of children 12-23 months (unweighted),51,0,ZA,South Africa,2016,ZA2016DHS,CH_VACC_C_UNW,93906280,U,455003,1455003,Region,Northern Cape,0,,0,1,CHVACCCUNW,ZADHS2016455003,2016,DHS,12,,,,1
ZAF,Free State,1427616,Number of children 12-23 months (unweighted),49,0,ZA,South Africa,2016,ZA2016DHS,CH_VACC_C_UNW,93906280,U,455004,1455004,Region,Free State,0,,0,1,CHVACCCUNW,ZADHS2016455004,2016,DHS,25,,,,1
ZAF,KwaZulu Natal,2621947,Number of children 12-23 months (unweighted),117,0,ZA,South Africa,2016,ZA2016DHS,CH_VACC_C_UNW,93906280,U,455005,1455005,Region,KwaZulu Natal,0,,0,1,CHVACCCUNW,ZADHS2016455005,2016,DHS,135,,,,1
ZAF,North West,1427585,Number of children 12-23 months (unweighted),73,0,ZA,South Africa,2016,ZA2016DHS,CH_VACC_C_UNW,93906280,U,455006,1455006,Region,North West,0,,0,1,CHVACCCUNW,ZADHS2016455006,2016,DHS,59,,,,1
ZAF,Gauteng,2606355,Number of children 12-23 months (unweighted),66,0,ZA,South Africa,2016,ZA2016DHS,CH_VACC_C_UNW,93906280,U,455007,1455007,Region,Gauteng,0,,0,1,CHVACCCUNW,ZADHS2016455007,2016,DHS,180,,,,1
ZAF,Mpumalanga,3120848,Number of children 12-23 months (unweighted),94,0,ZA,South Africa,2016,ZA2016DHS,CH_VACC_C_UNW,93906280,U,455008,1455008,Region,Mpumalanga,0,,0,1,CHVACCCUNW,ZADHS2016455008,2016,DHS,61,,,,1
ZAF,Northern Province,7863954,Number of children 12-23 months (unweighted),94,0,ZA,South Africa,2016,ZA2016DHS,CH_VACC_C_UNW,93906280,U,455009,1455009,Region,Northern Province,0,,0,1,CHVACCCUNW,ZADHS2016455009,2016,DHS,69,,,,1
